<?xml version="1.0" encoding="UTF-8"?>
<project-private xmlns="http://www.netbeans.org/ns/project-private/1">
    <editor-bookmarks xmlns="http://www.netbeans.org/ns/editor-bookmarks/2" lastBookmarkId="0"/>
    <open-files xmlns="http://www.netbeans.org/ns/projectui-open-files/2">
        <group>
            <file>file:/C:/Users/oreng/OneDrive/Documents/GitHub/JAVA/Java/FayTechGpaCalc/web/StudentInfoDashBoard.html</file>
            <file>file:/C:/Users/oreng/OneDrive/Documents/GitHub/JAVA/Java/FayTechGpaCalc/web/assetsDash/bootstrap/css/bootstrap.min.css</file>
            <file>file:/C:/Users/oreng/OneDrive/Documents/GitHub/JAVA/Java/FayTechGpaCalc/web/assetsDash/bootstrap/css/Navigation-with-Button.css</file>
            <file>file:/C:/Users/oreng/OneDrive/Documents/GitHub/JAVA/Java/FayTechGpaCalc/web/calculatorPage.html</file>
            <file>file:/C:/Users/oreng/OneDrive/Documents/GitHub/JAVA/Java/FayTechGpaCalc/web/profile.html</file>
        </group>
    </open-files>
</project-private>
