<?xml version="1.0" encoding="UTF-8"?>
<project-private xmlns="http://www.netbeans.org/ns/project-private/1">
    <editor-bookmarks xmlns="http://www.netbeans.org/ns/editor-bookmarks/2" lastBookmarkId="0"/>
    <open-files xmlns="http://www.netbeans.org/ns/projectui-open-files/2">
        <group>
            <file>file:/C:/Users/oreng/OneDrive/Desktop/New%20folder%20(3)/FayTechGpaCalc/web/assets2/calculatorPage.css</file>
            <file>file:/C:/Users/oreng/OneDrive/Desktop/New%20folder%20(3)/FayTechGpaCalc/web/calculatorPage.html</file>
            <file>file:/C:/Users/oreng/OneDrive/Desktop/New%20folder%20(3)/FayTechGpaCalc/web/index.jsp</file>
            <file>file:/C:/Users/oreng/OneDrive/Desktop/New%20folder%20(3)/FayTechGpaCalc/web/assets2/indexPage.css</file>
        </group>
    </open-files>
</project-private>
